CRIMEID,ADDRESS,WARD,LATITUDE,LONGITUDE,predicted_nearestintkey,nearest_distance_m
65039856778,1207 H STREET NE,WARD 6,38.899946,-76.989783,16d61c141bbba4717740f57eaef17c4d,0.0
55614276276,1402 I STREET NW,WARD 2,38.901335,-77.032252,9c82b143451d141daf9c1946e579506e,0.0
55260941530,208 KENILWORTH AVENUE NE,WARD 7,38.892003,-76.956661,541e6c8a69bbb8917c4de3556b57c68d,0.0
58696370912,"NEBRASKA AVENUE NW
WASHINGTON,",WARD 3,38.937917,-77.085899,269e703d094d5fcc478473e630650b8b,0.0
60958162946,1825 WISCONSIN AVENUE NW,WARD 2,38.915455,-77.067617,7777ca5c109f19f0fa206407796f4488,0.0
64982306199,5002 HAYES STREET NE,WARD 7,38.900023,-76.930118,eec3f8ec116089b5f9f3e113946742b6,0.0
65233895869,304 EASTERN AVENUE NE,WARD 7,38.892998,-76.909582,33df66a802baf590a8efa81a92b4fd69,0.0
64426105184,3301 M STREET NW,WARD 2,38.905252,-77.066059,5f8b066032ed304acc189685749b0848,0.0
66687282862,"NEW HAMPSHIRE AVENUE NW
WASHINGTON,",WARD 2,38.908571,-77.044736,71f320d5dd91f15879e2136d6403d973,0.0
54147785565,4717 1ST STREET SW,WARD 8,38.82341,-77.005727,098a9098f6341cea8799fe2aa5a7400f,0.0
64376530730,1100 U STREET NW,WARD 1,38.917001,-77.027256,5b5ace5bb823f2df5777a1ec26d22504,0.0
69464815182,7730 EASTERN AVENUE NW,WARD 4,38.983563,-77.025902,28f3a41ca3d39392c42a56e9c67e41e3,0.0
62040455653,2000 38TH STREET SE,WARD 7,38.865072,-76.952216,f3a7c7a0ff5ef2117753ea8b1d0dd199,0.0
63264377326,1100 H STREET NW,WARD 2,38.899524,-77.027597,94fc78c56af897d45c1cea1887df69ce,0.0
62332521734,304 EASTERN AVENUE NE,WARD 7,38.892998,-76.909582,33df66a802baf590a8efa81a92b4fd69,0.0
61909006747,4611 QUARLES STREET NE,WARD 7,38.91032,-76.934698,20f6314c7be8be8c2a200d581b0402da,0.0
59804944490,15 ATLANTIC STREET SW,WARD 8,38.83157,-77.009317,c82bd94a753c5d82c58c705ee1ac7432,0.0
63520037067,725 FLORIDA AVENUE NW,WARD 1,38.916791,-77.022434,1cca1fa4dbe75d26afef2bdc0437b2ca,0.0
57978129550,"11TH STREET SE
WASHINGTON,",WARD 6,38.877227,-76.992063,cbeccfda5c67372f33e05ee4545a3faa,0.0
60167693563,4400 NANNIE HELEN BURROUGHS AVENUE NE,WARD 7,38.900726,-76.938862,0c9ad34a067735125f136f7029979ba0,0.0
63250356964,2900 30TH STREET SE,WARD 8,38.854186,-76.965682,ae92b1c06ebb8542cc0b790d4f7e2baf,0.0
67718140294,4314 WHEELER ROAD SE,WARD 8,38.832198,-76.987213,548dbfd27df6b66d2c23465109576763,0.0
59513240841,3550 FORT LINCOLN DRIVE NE,WARD 5,38.92187,-76.955649,f972225a6e1e4a989ca8bc70cccaae81,0.0
59884403648,"CONSTITUTION AVENUE NE
WASHINGTON,",WARD 6,38.892054,-77.008611,b352d937149d40c720063e6eaa67e792,0.0
64866827719,1100 24TH STREET NW,WARD 2,38.903929,-77.051413,37d75a5c902ca0eb98ee2e87a4fda211,13.121001344303828
59889637668,1907 SAVANNAH TERRACE SE,WARD 8,38.847383,-76.976926,80df20c1a7117b8484e08d6a07d66ede,97.88094422683388
56574338939,1853 WOODMONT PLACE SE,WARD 8,38.863841,-76.97529,87dbef693b34ff7a61be0db2891d9d80,0.0
57729467080,1502 DECATUR STREET NW,WARD 4,38.948077,-77.035044,70e4edfdece2dba735747968281b9b77,0.0
53662478328,"SCOTT CIRCLE NW
WASHINGTON,",WARD 2,38.907251,-77.03653,593fb38cb58e3d08988c61cf00ceb8ca,0.0
63350991131,1521 C STREET SE,WARD 6,38.885188,-76.982899,6be3c7aab1d75d9c1b3fab6582077d2d,34.47365548536592
65675195847,3800 SOUTH CAPITOL STREET SE,WARD 8,38.835286,-77.007896,7d0b553ad2c24054d8820f87b16c4551,0.0
66221153783,54 NEW YORK AVENUE NW,WARD 6,38.906205,-77.01084,463efc5e5b0229dac099c6333e8a48fd,13.893605959939075
54061427074,2345 R STREET SE,WARD 8,38.869476,-76.972592,f6e50ea284ae2c30f28201f68f08a258,24.846702726930772
58774022378,6222 5TH STREET NW,WARD 4,38.965975,-77.020281,23e970dc8c9d8a9b06a72b0a3e19df89,33.692062773543086
55839406728,1433 COLUMBIA ROAD NW,WARD 1,38.927918,-77.034232,a05a096abf78d68d77d83198b0d852f4,18.991014440243152
69642783026,390 I STREET SW,WARD 6,38.879052,-77.017545,4c75aa377a158b9d9f2c9732160792d8,0.0
55735998630,3001 G STREET SE,WARD 7,38.880238,-76.964562,4d661b64592d690bde7b6db829af8479,0.0
58847358544,519 Q STREET NW,WARD 2,38.911122,-77.019579,e5a2e37deae888101a6282fbcb865411,35.37216248355064
68180215623,5557 SOUTH DAKOTA AVENUE NE,WARD 4,38.956603,-77.00198,77ea8ee705a6d6f9f6f4323629791dba,0.0
61452854988,3221 M STREET NW,WARD 2,38.905463,-77.063417,e0b401a28f71743b52fef498ad622a8f,0.0
69657976354,2505 FAIRLAWN AVENUE SE,WARD 7,38.874696,-76.970376,ea7cf8936b2c6a7e18c507f74b6e399c,0.0
67704745235,600 7TH STREET NW,WARD 2,38.897511,-77.021916,4f27ea0441a7beb69ddde6c07bd0e10f,0.0
62418599328,3462 23RD STREET SE,WARD 8,38.84596,-76.971621,ad8e083fea4dce12b44d4bcb8c16241d,25.689677648788894
65343596561,5719 NEW HAMPSHIRE AVENUE NE,WARD 4,38.959117,-77.007077,f12fa48e4cd2ae07ed583e80ce0b2fed,0.0
56036557687,1110 U STREET NW,WARD 1,38.91685,-77.027585,8402eef0cc4f2e00269c5ce20db1fdcc,0.0
64533543258,1911 MASSACHUSETTS AVENUE NW,WARD 2,38.909944,-77.04431,a36db81e9c623f4836a312b7ef6de753,0.0
60792556778,2000 16TH STREET NW,WARD 1,38.917002,-77.036925,81390be33abd49f204cae187d73395fb,0.0
62215640497,2418 17TH STREET NW,WARD 1,38.922053,-77.039548,ebc5e87abaaf85ccd8997fe9f2240b7d,0.0
69830947486,701 DIVISION AVENUE NE,WARD 7,38.898567,-76.925581,de060a3988ab1523f00fc4aaae382809,0.0
66987992688,547 FLORIDA AVENUE NW,WARD 1,38.915668,-77.019848,9a1b196779446d678e2d740ce1a79c84,0.0
66244170690,1120 9TH STREET NW,WARD 2,38.905011,-77.024004,47f907bdd457af3840909060bcedb5fd,7.117001357767801
65484896473,5901 NEW HAMPSHIRE AVENUE NE,WARD 4,38.961681,-77.005467,7518acff32aa439e8c486f030fc36988,0.0
68907045834,1155 16TH STREET NW,WARD 2,38.905329,-77.035851,e21b530252631ffd92978189b09486c3,0.0
56099868085,4122 SOUTHERN AVENUE SE,WARD 7,38.865976,-76.943896,11e3c08ea9f1b913b27fbd47f9b9d2d6,29.882698205642797
59709174216,6301 GEORGIA AVENUE NW,WARD 4,38.966289,-77.027589,1fbcefe0a49b56b80ce18ed38ab05e0c,0.0
67673587289,1850 K STREET NW,WARD 2,38.902401,-77.043127,a3824894d12d4c51dc65e5bcb3dc99bf,0.0
64664852132,35001/2 CONNECTICUT AVENUE NW,WARD 3,38.935834,-77.058666,0e64a9d7c7ad1d320baea8e37bf2743b,0.0
69451919312,1604 NEWTON STREET NW,WARD 1,38.933321,-77.03696,36b72231a3c8e9f308d9c19eeac7762b,0.0
53792107118,5196 27TH STREET NW,WARD 4,38.957651,-77.056981,59f6ee358e58dc5655d6111300d96461,0.0
63526749223,1501 M STREET NW,WARD 2,38.906124,-77.035226,2969bbc06408ccc52bb761a59ad8b078,0.0
66210596622,1216 SAVANNAH STREET SE,WARD 8,38.843248,-76.989565,5eb51e170e325f48a3cf861652e34f7d,0.0
69633160702,1719 NORTH CAPITOL STREET NE,WARD 5,38.913343,-77.008724,ff6834652eac867d2207268d1d07de75,0.0
53676668579,303 H STREET NE,WARD 6,38.900205,-77.001787,69bf16a753c5cdaf739caf9394144a85,0.0
59636258654,1710 SAVANNAH STREET SE,WARD 8,38.845883,-76.979166,c348ada2fc651b0c21a3c729f247f448,38.77977512520897
57829294088,999 9TH STREET NW,WARD 2,38.901826,-77.023988,a50908df57f90d69ded9626315c7e4dd,0.0
63107778696,3025 15TH STREET NW,WARD 1,38.927711,-77.035784,532dd51fea1e9418a61ac231f7465562,0.0
58401662523,1401 22ND STREET SE,WARD 8,38.874182,-76.975448,f3001e14b61161ea295912784ff0410b,0.0
69580372688,3360 16TH STREET NW,WARD 1,38.933213,-77.037031,36b72231a3c8e9f308d9c19eeac7762b,0.0
54622024935,1741 TRINIDAD AVENUE NE,WARD 5,38.908599,-76.981867,e64839fe513d03e68967a02d9fac6b27,0.0
57214173843,1620 29TH STREET SE,WARD 7,38.869799,-76.965797,15e74fd7794a626bcbe7352df5d300a7,13.89936583035678
70359336803,415 14TH STREET SE,WARD 6,38.884104,-76.985806,5f6face2ef4c5771cb77a1576e9fb0d0,0.0
62326115392,1600 PENNSYLVANIA AVENUE SE,WARD 6,38.879322,-76.981989,4711a6955a862a0fa7fd15d260190e0f,0.0
70359552924,925 MONROE STREET NE,WARD 5,38.932447,-76.992848,e5e572afc3d44cb645b0a5d71ebd1a57,0.0
65666041514,2619 BLADENSBURG ROAD NE,WARD 5,38.9241,-76.965691,8cc6abe3243f6b0534d3f980c66cade4,26.30424149099108
59957787479,1519 BENNING ROAD NE,WARD 6,38.899878,-76.981867,d934881e43f81dacbcf834c476fda3a5,0.0
69297800324,901 14TH STREET SE,WARD 6,38.880063,-76.985746,dd4bfec7c363e2f1f3020c519476af5a,0.0
69419086879,"FLORIDA AVENUE NE
WASHINGTON,",WARD 5,38.909033,-77.00556,f58d995ee2327b19c0ff94910468b1cd,0.0
66150531168,1412 14TH STREET NW,WARD 2,38.909337,-77.031952,5885a67de51314e974320adaaf162f44,0.0
66351908507,371 BROOKLEY AVENUE SW,WARD 8,38.853295,-77.006909,752391840d0f31c3519ce03eefbf3424,0.0
68610521203,4624 6TH STREET SE,WARD 8,38.822981,-76.999086,be73dfcec76b5fc6c9985e0aab1fcd0c,0.0
70279855878,3215 CHESAPEAKE STREET NW,WARD 3,38.950726,-77.065775,97f760491507b4032ee58e2292f66042,66.41276680623352
63442432559,700 6TH STREET NW,WARD 2,38.899024,-77.020511,5a4597f25615cf746ef50d706116e93c,0.0
57837891314,1401 22ND STREET SE,WARD 8,38.874182,-76.975448,f3001e14b61161ea295912784ff0410b,0.0
68392392400,5916 17TH STREET NW,WARD 4,38.962472,-77.038321,06cba2f87998fe7914e19b9bf32fe159,0.0
68283420398,1636 EAST CAPITOL STREET NE,WARD 6,38.890109,-76.980763,79b89464c06c01b858ac6df9cd397d35,0.0
66245030029,490 2ND STREET SW,WARD 2,38.882929,-77.013315,bc639a2e7a55ce1a6f7bd6e9e058e2e3,0.0
63351561671,4003 NEW HAMPSHIRE AVENUE NW,WARD 4,38.939849,-77.02121,dd8415d0fd61f71dd8c2469586d88a5a,45.599150073961994
66337894470,4220 SOUTHERN AVENUE SE,WARD 7,38.867661,-76.942049,d2873a1eb007d7f719bcf4d869032f0c,0.0
56582047705,118 K STREET NE,WARD 6,38.902516,-77.005054,40736cafb4216780e39074395946fe5a,0.0
55742751503,300 NEW YORK AVENUE NE,WARD 5,38.909118,-77.003955,f58d995ee2327b19c0ff94910468b1cd,0.0
66647253477,5200 FOOTE STREET NE,WARD 7,38.897141,-76.925613,610b3999afcd7d5d30d4074c6ab06d82,13.84821344470798
54510374233,4656 LIVINGSTON ROAD SE,WARD 8,38.822247,-77.001976,e9b95dbe63031a20d36fd7cd16aeb157,0.0
67744527992,451 20TH STREET NE,WARD 7,38.895963,-76.976218,c20029c53cf7e4f438ae37f00ba26346,21.436839645313167
55442765064,907 FLORIDA AVENUE NE,WARD 6,38.90386,-76.993337,a399fb96980f1ec59089851784184f8e,0.0
58334615275,4020 MINNESOTA AVENUE NE,WARD 7,38.895736,-76.948639,db93f73730b729ab4fe05701818d66c2,0.0
59971871707,716 E STREET SE,WARD 6,38.882724,-76.995376,5783295c7042615f57ea5cceecd38eb8,0.0
67447135401,1445 K STREET NW,WARD 2,38.902636,-77.034178,e99d5a01581b966bcc14f66029621252,0.0
68400185937,1133 11TH STREET NW,WARD 2,38.905647,-77.026811,eae2cd337f44df063c58a18a1f1ff0c5,0.0
69594506656,4202 BENNING ROAD NE,WARD 7,38.893115,-76.94261,c726219d385c08b013e04c1f71e46954,0.0
63156320079,3619 GEORGIA AVENUE NW,WARD 1,38.935034,-77.0241,e12d2c23f97322835ee2fe42ef3a7bce,0.0
69662764659,1211 17TH STREET NE,WARD 5,38.90599,-76.978712,3575a563a08845ff115dc20f8f450ee9,0.08652938857368667
57300248499,350 EASTERN AVENUE NE,WARD 7,38.894128,-76.91097,892dfb446812cb8628414c89def156dd,0.0
57004996590,600 NEWTON PLACE NW,WARD 1,38.933757,-77.022091,152340981e7d8659f9a96c941f42ef71,41.07747897599382
69735189257,39 D STREET SE,WARD 6,38.885067,-77.006818,fd926d82981a1f2fe1e8f453efe94fb0,80.06357926515666
58014462928,1023 E STREET SE,WARD 6,38.882738,-76.991819,296dd32547acced6d25d443232c3f71e,0.0
62951880506,1723 P STREET NW,WARD 2,38.91005,-77.039745,d0818414493dcb3e27e9ed0f6b12382f,67.40290702161141
63057734609,"11TH STREET SE
WASHINGTON,",WARD 6,38.877227,-76.992063,cbeccfda5c67372f33e05ee4545a3faa,0.0
56061396158,1635 1ST STREET NW,WARD 5,38.912407,-77.012158,5ab453d9e3bea6b6a1ae9ec1b8aeb86a,0.0
54420246183,1335 2ND STREET NE,WARD 6,38.908012,-77.003514,e9aea8cacf8f1d4502f8f4f1542a33fe,0.0
67831444744,1025 FRONTAGE ROAD SW,WARD 2,38.88325,-77.026844,9133cd0a02b8d3daeb5aec00c8a9df4d,0.0
68156985881,"20TH STREET NW
WASHINGTON,",WARD 2,38.895016,-77.044919,797c2aedabf5cc9ff2a9c35fa68c65ed,0.0
59563863015,4750 SHERIFF ROAD NE,WARD 7,38.902888,-76.934009,6891d4ac0b990c2416070aeba6a18ef0,0.0
60209261666,1625 SOUTH CAPITOL STREET SW,WARD 6,38.869729,-77.009584,dd5944cde55c4a96c156bf73358fbad0,0.0
53686739912,2001 GEORGIA AVENUE NW,WARD 1,38.916398,-77.021894,aa205ed493bcbe9cd86470c5178f5a46,0.0
57904034891,2709 ROBINSON PLACE SE,WARD 8,38.85148,-76.988894,9bb8d26d697fcfe6c737f21efea1ae79,87.72111962935413
54138625316,2000 EVARTS STREET NE,WARD 5,38.924744,-76.976219,7161fccf12a99317b5e04a0f0fad8e09,0.0
58375389789,1100 21ST STREET NE,WARD 5,38.904324,-76.974169,f58c8cef8c080ccee64c61a2804213cf,103.71091918988967
66881618586,1427 MONTANA AVENUE NE,WARD 5,38.923355,-76.98403,ee0b33171f5fb5f58e7567b13775ff94,0.0
65482426377,1415 CORCORAN STREET NW,WARD 2,38.911868,-77.032807,7fd8ce6786fa66578a0f929d016a4dac,22.33173460444811
55141884649,1318 SPRING ROAD NW,WARD 1,38.936233,-77.030486,97510a38ba132592fee40b2302477ea6,2.5589454574404153
67625038040,1250 BLADENSBURG ROAD NE,WARD 5,38.906842,-76.97964,ebea619ab2a514462edf3a56a6200b0e,0.0
66638055404,6326 16TH STREET NW,WARD 4,38.967256,-77.036382,19c0a5764f5150dcf790d9178f8204dc,13.454863884454097
62403982928,325 P STREET SW,WARD 6,38.872039,-77.0163,55593f00fd06c8c661ce332cc50a29f4,0.0
56648805224,5301 NEBRASKA AVENUE NW,WARD 3,38.959243,-77.067327,f2507a773bbd12c07beb6f26b1690c14,0.0
54562550483,54 FLORIDA AVENUE NE,WARD 5,38.910106,-77.007447,08ae214244b6bbd0e348e6ed039ceafa,2.560651127320429
69376568008,2702 12TH STREET NE,WARD 5,38.924388,-76.990576,c1a9b877d58ee160b465973e509d1cf1,30.380795093378254
59165537095,3960 MINNESOTA AVENUE NE,WARD 7,38.895151,-76.949811,db93f73730b729ab4fe05701818d66c2,0.0
69474854936,6925 WILLOW STREET NW,WARD 4,38.973826,-77.01439,95dd1334a28f10e027e25818badf78bb,0.0
53654350421,1618 8TH STREET NW,WARD 2,38.911836,-77.023311,847423703aa9e1c31913ceee0cf7aea8,0.0
69288140097,1845 BURKE STREET SE,WARD 6,38.88596,-76.977268,4a56bef1db6bb464d93fb1127c7e3d57,40.475045844555716
58300203419,803 FLORIDA AVENUE NW,WARD 1,38.916958,-77.022946,1cca1fa4dbe75d26afef2bdc0437b2ca,0.33358477983802537
63469086335,1020 7TH STREET NW,WARD 2,38.903717,-77.021915,93667065a3b82c1c7e707b22ceb44bc7,23.46212952211191
57396756689,1398 MORRIS ROAD SE,WARD 8,38.860324,-76.987904,1c86742001692e0e37782990a804a480,20.292598309438695
60771577564,143 ADAMS STREET NW,WARD 5,38.920584,-77.01361,20cf18df526297bb39318ecea9ab1d38,10.754194626909271
59755957217,4201 CONNECTICUT AVENUE NW,WARD 3,38.943623,-77.062736,8fd9a69f03cd13fb426a9f6eb576e073,0.0
53803372032,1230 POTOMAC STREET NW,WARD 2,38.906157,-77.06522,458dcd16cceb70396e6414b9dc56fbbf,5.673581230627143
55709294748,626 KENNEDY STREET NW,WARD 4,38.956137,-77.02204,4101fd5c22d49943ae82c89f5ae3152f,6.4889296683116875
66141207082,2244 ONTARIO ROAD NW,WARD 1,38.919841,-77.039618,d4b23f1c6b2fba2bdb7af5b75aca1f60,17.379855960587793
64921070136,3365 14TH STREET NW,WARD 1,38.93119,-77.032716,48da34982e996543c90dbd3ebed46cbd,0.0
64147471903,2901 SOUTH DAKOTA AVENUE NE,WARD 5,38.927352,-76.96707,40d291f446d24f09c5a963b5301ad34d,0.0
68343913434,1740 6TH STREET NW,WARD 2,38.913854,-77.019898,2d0ada6528c356cb754299cf3fab651c,31.357446760500473
68202876391,1301 MISSOURI AVENUE NW,WARD 4,38.961558,-77.030049,9b29671978b7b92274c28ae97bd71b93,0.0
53825586785,2924 MARTIN LUTHER KING JR AVENUE SE,WARD 8,38.84509,-76.996957,3b58224e2c0788293a7fe8461bf090ff,0.0
58865650435,1350 NEW YORK AVENUE NW,WARD 2,38.89904,-77.031336,7dd9d86bc7747c3efeba6b3a75bf00fb,0.0
62037610826,2610 10TH STREET NE,WARD 5,38.923366,-76.992656,c574b5e101c6fb5f0dbbf0ce176cd52d,52.48888683469261
60350741030,1529 NEW YORK AVENUE NE,WARD 5,38.916674,-76.981435,b070c4d02d72556b13698252fbd5a715,0.0
68701428809,1415 CHAPIN STREET NW,WARD 1,38.921909,-77.032626,aa9f4d7bbf435d491aa908980d2cc9bd,0.0
53674554635,3131 RHODE ISLAND AVENUE NE,WARD 5,38.934527,-76.963741,7bd9166491a3883549c866f463c83e55,0.0
62935817344,1335 4TH STREET NE,WARD 5,38.909839,-76.998019,234aaca7d321d409e2adbdf5e3a1c55a,9.892988950245119
60829528299,304 EASTERN AVENUE NE,WARD 7,38.892998,-76.909582,33df66a802baf590a8efa81a92b4fd69,0.0
58681277929,2647 CONNECTICUT AVENUE NW,WARD 1,38.924796,-77.052251,88a3a9205e2a6f5c8b7352162a277711,0.0
66589703774,610 9TH STREET NW,WARD 2,38.897866,-77.024171,0453b0df2d03c5b2e70b4eb1f83ea457,0.0
63875461067,2019 19TH STREET NW,WARD 1,38.917612,-77.044166,cb7911af965b7e0176dea58437869862,34.93517981372962
62953219634,2004 8TH STREET NW,WARD 1,38.917084,-77.022946,1cca1fa4dbe75d26afef2bdc0437b2ca,0.0
58233993343,301 ATLANTIC STREET SE,WARD 8,38.830777,-77.002028,e40b2e3552f0ecbd55f6b8ac97e0aee7,0.8895594131371753
63541581128,75 NEW YORK AVENUE NE,WARD 6,38.90796,-77.005888,f58d995ee2327b19c0ff94910468b1cd,0.0
61944669930,3225 14TH STREET NW,WARD 1,38.929915,-77.032277,753788b3247a705c07f28aa22372fbab,0.0
59755126076,901 BLADENSBURG ROAD NE,WARD 5,38.901648,-76.982091,cb3b440a059dc11b719c1f5ee782bf59,0.0
57220094323,599 50TH STREET NE,WARD 7,38.896791,-76.929891,b479e3f5baf8bacba7e7f88d3dd9cafd,12.458641767859866
62464035429,"9TH STREET NW & NEW YORK AVENUE NW
WASHINGTON,",WARD 2,38.902089,-77.023989,a50908df57f90d69ded9626315c7e4dd,29.244393735145852
54061894954,1080 WISCONSIN AVENUE NW,WARD 2,38.904678,-77.062798,e0b401a28f71743b52fef498ad622a8f,0.0
64681330370,721 FLORIDA AVENUE NE,WARD 6,38.904895,-76.995216,1f0dd4ed00d64c869607c4f9784a9264,0.0
67695758233,3458 PENNSYLVANIA AVENUE SE,WARD 7,38.866688,-76.953132,b093162af48c2d5d273483d83229c058,0.0
55444756213,1910 KALORAMA ROAD NW,WARD 1,38.919075,-77.045381,47b33d65cf809a9ff84f354f4ec961a6,0.0
66185090004,620 44TH STREET NE,WARD 7,38.898371,-76.939471,4fa4b7eeaa79351577f71a29ca666dd5,31.284139218748912
64688954324,407 XENIA STREET SE,WARD 8,38.833016,-77.00018,5fddf080d69d4ccd95f3b0bcbbc0ec44,66.55720534340418
58705668637,907 BARRY PLACE NW,WARD 1,38.920725,-77.024648,a4f1c969e3860bd910d814c6f6f68863,0.0
54659042881,504 IRVING STREET NW,WARD 1,38.929316,-77.019895,c44f7f4bf7ac568ecb278f04019c27db,11.56971648006075
59507253390,840 CHESAPEAKE STREET SE,WARD 8,38.829552,-76.991366,1ffa80e73d219785dcdb2875b7cb4a9b,0.0
69358293208,15011/2 CHURCH STREET NW,WARD 2,38.910386,-77.034783,bac80d91afeb2debc4696c8bcc62ac3a,0.0
62073935732,"PARK ROAD NW & MOUNT PLEASANT STREET NW
WASHINGTON,",WARD 1,38.932532,-77.038839,a6f4fdffe1cab8cd73712b724ac9b343,26.513896081111042
65710239046,1620 FOXHALL ROAD NW,WARD 3,38.911213,-77.084945,070d0caab51fca1f74c7f4da61c07381,58.17915639728195
54007764856,3011 MARTIN LUTHER KING JR AVENUE SE,WARD 8,38.844675,-76.998329,31e9b5fc1626d772f81f58034136f6ea,0.0
59867643526,1201 24TH STREET NW,WARD 2,38.905729,-77.051405,4adb433d630bce95d7666ed3bc1c6680,0.0
68420566355,2401 I STREET NW,WARD 2,38.900698,-77.051569,ae8872de411ffe7bfc439d9d35c420a4,0.0
55374563882,319 KENNEDY STREET NW,WARD 4,38.956889,-77.016911,622af19db48b2ea90f8aed62abb443a0,5.246152814147964
64326462295,5801 DIX STREET NE,WARD 7,38.894265,-76.917777,7c510310b7e9b301a5b7008df9aa7f87,35.28182721821367
69322526785,"16TH STREET NW
WASHINGTON,",WARD 4,38.99227,-77.036316,17044f1a368bba12facf39a87aff4979,0.0
69590389313,3612 MASSACHUSETTS AVENUE NW,WARD 3,38.927156,-77.07201,5b16259134d375cda009f876f7d1fce4,0.0
54639606656,3820 MINNESOTA AVENUE NE,WARD 7,38.892427,-76.951622,e65cecf30a2e03b26711d90716ea43ce,0.0
60252646523,3108 WESTOVER DRIVE SE,WARD 7,38.868348,-76.963503,eb0d7224dc7b9d373542d65da5ba20eb,126.13416090890462
58624226676,7125 PINEY BRANCH ROAD NW,WARD 4,38.976677,-77.020441,20c3823f6824b819c1c5dbeebfd81c48,0.0
69394419082,3609 HAYES STREET NE,WARD 7,38.902418,-76.949417,59577faa84d4f791e054253bec0887c9,33.15352766412385
60328048461,1274 SIMMS PLACE NE,WARD 5,38.909043,-76.983012,e64839fe513d03e68967a02d9fac6b27,3.841962202804659
68575698760,1901 NAYLOR ROAD SE,WARD 8,38.873351,-76.978152,577fdbdbebc98c00ad7f5e3e3d440b76,0.0
62277593678,"RESERVOIR ROAD NW & MACARTHUR BOULEVARD NW
WASHINGTON,",WARD 3,38.915629,-77.094673,3356450c6ae50778f95bc0824bfe128a,5.948776222207073
64804641374,5100 SOUTHERN AVENUE SE,WARD 7,38.880113,-76.926828,88e0d7fe30093fbd25319215211e2e7e,0.0
67658240536,"G STREET NW
WASHINGTON,",WARD 2,38.898046,-77.033644,c4a3b08a664293daf74f64c87c69ba49,1.1119492658909769
69530238906,5111 GEORGIA AVENUE NW,WARD 4,38.952351,-77.027,649fa1ac1f50f6a2b9647736e61e113d,43.50743417597062
58474556911,4228 WISCONSIN AVENUE NW,WARD 3,38.944052,-77.077522,197da344aa2af25f46ddcbc29c644b26,0.0
54544109097,1117 GOOD HOPE ROAD SE,WARD 8,38.867501,-76.988696,1ba873c7e669b6d86f7ddbc8d9fe418c,0.0
59405552162,1100 47TH PLACE NE,WARD 7,38.904853,-76.934758,450badc79664ede8418469339f7cdaaa,69.30329219629984
58428988164,4251 LANE PLACE NE,WARD 7,38.904305,-76.94187,73ef8c39e5f9bd19f96fcf6e5d88379e,0.0
69225551707,"NORTH CAPITOL STREET NE & N STREET NE
WASHINGTON,",WARD 5,38.907266,-77.008918,55f8763586b916dc226a8f7792aee3cb,0.0
57157718199,901 27TH STREET NW,WARD 2,38.900912,-77.056115,ed2d1325ea4ba55361e53ef8c3fd84e4,0.0
66412712593,2837 4TH STREET NE,WARD 5,38.926566,-77.000367,1efaf31e1d1166bbc99b8850b8a2e7e6,0.0
62043006040,4424 LINGAN ROAD NW,WARD 3,38.906821,-77.082867,51e1c3efb5e9455e9f2115811c808341,59.60301363553363
58703483471,1024 6TH STREET NW,WARD 2,38.903764,-77.019903,d7a7469c77c590f694b4ddea9ce15da2,0.0
67745628131,3400 PORTER STREET NW,WARD 3,38.937333,-77.066615,ef7000b8137879f406942f5d7d682462,0.0
65145767355,3935 BENNING ROAD NE,WARD 7,38.894236,-76.948053,ce080f4aa86acf54555e6e68ee265423,0.0
59527848472,2200 MINNESOTA AVENUE SE,WARD 8,38.87262,-76.973815,5ec94f241eb07fa1e5b612768a0184d2,0.0
60022566686,922 N STREET NW,WARD 2,38.907053,-77.024985,b9c13733303d29e8eb023bf71ed2d7c5,3.5592895786290417
64541149049,1500 OKIE STREET NE,WARD 5,38.915337,-76.982265,1df2a7a5a836bcf3703589105534220b,0.0
55981620178,3700 MASSACHUSETTS AVENUE NW,WARD 3,38.928177,-77.074036,595cf3a189d72fd612e11f2a9fab991f,0.0
60130932183,3600 MASSACHUSETTS AVENUE NW,WARD 3,38.926725,-77.070885,fc8459e1ab2143620cf96db1b7e4b2eb,0.0
67434002929,300 RIGGS ROAD NE,WARD 4,38.957164,-77.002706,4db485c1d029bd46b845b473ebb01346,0.0
63925228416,1720 NEW YORK AVENUE NE,WARD 5,38.917402,-76.97861,be28cd7533a0503bf283c1926dcda44f,0.0
58455122199,445 12TH STREET SW,WARD 2,38.883464,-77.028102,6b27bd3835ee0a999a10816ab5b72797,0.0
69446941693,2122 MARTIN LUTHER KING JR AVENUE SE,WARD 8,38.865117,-76.989665,2aa5714c10c839a1a138234d8cc359df,0.0
67764581073,328 K STREET SE,WARD 6,38.878652,-77.001142,80949446f8511e64e782929cc73ce387,17.226336420294615
66864991248,"SCALE GATE ROAD NW
WASHINGTON,",WARD 5,38.938181,-77.007369,15d776bc76ed05c64a19f9b0818d6e45,184.33142233784093
60168303415,"10TH STREET NW & CONSTITUTION AVENUE NW
WASHINGTON,",WARD 2,38.892082,-77.02599,ee5736a76b66cf08097014ab5c45fd51,0.0
57016662197,500 H STREET NE,WARD 6,38.900395,-76.999507,ce636c01dcf627645d9469a6216a1cb1,0.0
66089130648,1035 4TH STREET NW,WARD 6,38.903683,-77.015481,41c402652f4ed7aa5d029f700b477da1,0.0
69232792472,1720 NEW YORK AVENUE NE,WARD 5,38.917402,-76.97861,be28cd7533a0503bf283c1926dcda44f,0.0
63483022834,103 G STREET SW,WARD 6,38.881641,-77.013699,8ad7ff42186ffe957c0f8dd3b7c60966,73.01742192041341
68047072982,960 DIVISION AVENUE NE,WARD 7,38.903912,-76.924081,0adf21b9bfd6075527b5c522eb16aca6,0.0
67276118985,"FLORIDA AVENUE NE
WASHINGTON,",WARD 5,38.909033,-77.00556,f58d995ee2327b19c0ff94910468b1cd,0.0
64382260823,1 M STREET SE,WARD 6,38.876464,-77.008605,5058370e71a0aa34b76e99e91a8aae15,0.0
67759225687,1251 BLADENSBURG ROAD NE,WARD 5,38.906802,-76.978478,ebea619ab2a514462edf3a56a6200b0e,0.0
61834991213,3839 MINNESOTA AVENUE NE,WARD 7,38.892747,-76.950073,24c043a4895fa18e22b6c7934a63dd46,11.077619735395892
54060995882,5320 ROCK CREEK CHURCH ROAD NE,WARD 5,38.953908,-77.007655,8aa1fb269f52b408f4282004937ad917,0.0
54147514449,929 FLORIDA AVENUE NW,WARD 1,38.918701,-77.023891,5c930306b9518150c67e00540289058e,0.0
65827317996,5101 ILLINOIS AVENUE NW,WARD 4,38.952133,-77.024325,b4cdc5c13032ca9f1c2c2129ee1951c2,0.0
67405759599,2153 FLORIDA AVENUE NW,WARD 2,38.912181,-77.048123,6358275416320420e3bf4bd3d1122427,11.296401837680381
53616226880,4510 BOWEN ROAD SE,WARD 7,38.873746,-76.934254,9159f2214e08ba8ccfa7f97d6b383798,0.0
69391254026,1700 RHODE ISLAND AVENUE NE,WARD 5,38.927347,-76.980728,d350a3e49ded68bbc9c77e9ea41ccca8,0.0
66825609154,4373 BENNING ROAD NE,WARD 7,38.891639,-76.939431,5f26d11e4f0d3cf6806caac9bfb87917,0.0
64378012426,501 MORSE STREET NE,WARD 5,38.907,-76.999011,db8eab1334b4f4d7cad137eb00b138ba,12.212532201480828
58445285009,1440 R STREET NW,WARD 2,38.912204,-77.034269,560a1a90768861d85af7d894c5e0bc98,21.90385223446349
68446101083,1425 7TH STREET NW,WARD 2,38.909444,-77.021916,ad45ac66e49970845cc0ab3dfb9744d8,0.0
62958117911,960 18TH STREET NW,WARD 2,38.902403,-77.041924,ed64135f167a2c68bb41bbe0727bba05,0.0
60942714704,304 EASTERN AVENUE NE,WARD 7,38.892998,-76.909582,33df66a802baf590a8efa81a92b4fd69,0.0
54355023863,605 FLORIDA AVENUE NW,WARD 1,38.915639,-77.020425,b8c8dbb6854b54a1b6b12a0aa9b86238,0.0
69418159946,109 7TH STREET SE,WARD 6,38.888326,-76.996175,5acebe7ec9195741eb48f38722b0f5d1,56.22123395959655
63461046926,400 5TH STREET NW,WARD 6,38.894958,-77.01893,663bf4268099bb6c7f97d647de895ccf,24.293805322035016
59004376761,"14TH STREET SE & INDEPENDENCE AVENUE SE
WASHINGTON,",WARD 6,38.887593,-76.985511,bf852c815d92bf9bf40c7ee2c27f9ecc,46.132650446537795
63442919149,5604 MACARTHUR BOULEVARD NW,WARD 3,38.931859,-77.108247,00b51694a494a95e00b0a80f7eefcd32,49.095080205794595
61397369913,"WESLEY CIRCLE NW
WASHINGTON,",WARD 3,38.941347,-77.090608,cc235904660b0db371db340d873c4e6d,0.0
54943292126,6040 14TH STREET NW,WARD 4,38.96337,-77.033989,9a9064a3dea5e50422f93fe220ea34c1,61.06025268598928
60998648674,4601 JAY STREET NE,WARD 7,38.901484,-76.936349,ea5ccd81b87d922296671d9fbb40510f,0.0
65365513252,7605 GEORGIA AVENUE NW,WARD 4,38.982232,-77.025878,3bd5b21e76a7ac34dc6f54a42816a0ef,32.80979104727999
53834352295,3414 22ND STREET SE,WARD 8,38.847101,-76.972493,8718cf6f6c2361d1dbe31d3c61646acc,31.16610267440408
56434702597,2901 16TH STREET NW,WARD 1,38.92663,-77.036279,6bc6ee0bbbb59195195d1911c1fed411,0.0
58477263229,2904 NAYLOR ROAD SE,WARD 7,38.855722,-76.966422,f4c423acec1be5cd35d53b983bed63af,34.57686995464902
56876199848,"18TH STREET NW
WASHINGTON,",WARD 2,38.907172,-77.041687,23dc3b30d968779984fa11434bbd0557,0.0
65215943035,2601 VIRGINIA AVENUE NW,WARD 2,38.900434,-77.055121,8bae7cd04828ee1b1f4ae2dfe352861c,38.20452864742358
67205715838,3300 GEORGIA AVENUE NW,WARD 1,38.931037,-77.023774,936002918d0dd057e8fd317f62dc4e2b,0.0
67313163247,7 G STREET NW,WARD 6,38.898918,-77.009633,b24e239c9c247f6b61057b916329c319,0.0
69565048073,2700 27TH STREET NW,WARD 3,38.926234,-77.055752,eb7cf50d53fe21e5c2450a83a6906faa,21.574181400387232
63128455955,2200 SOUTH CAPITOL STREET SE,WARD 8,38.865143,-77.002561,30c42884acfe1183be08659c15267558,0.0
70343488022,5 BARNEY CIRCLE SE,WARD 6,38.879167,-76.9812,8ccb3ec32c865b9e7d2ceb43b3e0c127,0.0
67413924427,700 MALCOLM X AVENUE SE,WARD 8,38.845263,-76.995918,4e6f3e1f1ce3c2f4dd287f4548eb3ac1,0.0
67009089155,316 VARNUM STREET NW,WARD 4,38.943208,-77.016319,c84d7f2f222df416f2db5200109eae78,78.1965271514521
56187158771,1123 4TH STREET NE,WARD 6,38.904408,-77.000571,ef78fb83ac8e048016c509eae18d7f95,11.230687590945255
65244050588,304 EASTERN AVENUE NE,WARD 7,38.892998,-76.909582,33df66a802baf590a8efa81a92b4fd69,0.0
59512221995,5011 FULTON STREET NW,WARD 3,38.924506,-77.09893,7a2c4032188cec50a6aca8737ddfa437,121.57335389945247
58888672666,604 57TH STREET NE,WARD 7,38.897476,-76.919149,d087887def308aa46535d9a4a81db54e,3.4470427261718006
56572369271,5435 MACARTHUR BOULEVARD NW,WARD 3,38.930038,-77.106221,dba7f5d56fd34d9633e0f1310cbd43a9,0.0
54996693938,1412 MINNESOTA AVENUE SE,WARD 8,38.867145,-76.984271,9e5d6bfd0b89fe156c753be032d78625,9.695754642917189
59435063456,2325 BLADENSBURG ROAD NE,WARD 5,38.920979,-76.968776,b630b8b3cba27e7f57774a4e528562b9,35.64663690975427
64648456424,1600 34TH STREET NW,WARD 2,38.910863,-77.067876,670f91458632a5d6e73b02a14927ecd4,24.108374274360877
54658096826,4725 EADS STREET NE,WARD 7,38.89462,-76.93344,cec184393007f99ae7e415d8f234b5a0,28.832388742341788
54106380458,1115 MASSACHUSETTS AVENUE NW,WARD 2,38.904541,-77.027767,70df05896c27dbbf205a31da1937915d,16.23934374566726
58632304721,4801 41ST STREET NW,WARD 3,38.952259,-77.080051,acdda0bcce6e4751b1bf7faba25e0a1c,55.262733382205255
62278579488,"14TH STREET NE & RHODE ISLAND AVENUE NE
WASHINGTON,",WARD 5,38.924566,-76.985595,e511c5e4fa25ee17665736f480b74a5a,0.0
66874339199,2200 SOUTH CAPITOL STREET SE,WARD 8,38.865143,-77.002561,30c42884acfe1183be08659c15267558,0.0
61969056275,1911 MASSACHUSETTS AVENUE NW,WARD 2,38.909944,-77.04431,a36db81e9c623f4836a312b7ef6de753,0.0
57535064508,4000 BENNING ROAD NE,WARD 7,38.894431,-76.94637,c015c21f399f540f4268ac816ab66b94,0.0
55242280425,1000 MASSACHUSETTS AVENUE NW,WARD 2,38.903379,-77.026454,0767042ced621609ea08449be35aeba7,0.0
61909510561,1711 KALMIA ROAD NW,WARD 4,38.986121,-77.041436,64587c05628b646c4bb7267e59000fd7,54.45455595365047
54601750602,1424 NICHOLSON STREET NW,WARD 4,38.960013,-77.035644,ef534229db1ec64d44dbc32939f425f1,42.41214733090526
60354189768,"NEW YORK AVENUE NE & NORTH CAPITOL STREET NE
WASHINGTON,",WARD 5,38.907398,-77.008917,55f8763586b916dc226a8f7792aee3cb,0.0
64374920486,600 PENNSYLVANIA AVENUE SE,WARD 6,38.885379,-76.997908,efbe8ccd2087f094c2fe8653e021180f,0.0
67866305751,"O STREET SE
WASHINGTON,",WARD 6,38.873047,-76.991662,5b97127c6aa9687c42fcfcf2d522ce9b,0.0
69594677818,401 L STREET SE,WARD 6,38.877268,-77.000386,9d242e4989393ec190704325dfa7ba42,56.09471313751511
65476188241,4501 BENNING ROAD NE,WARD 7,38.890265,-76.93779,c98bdff7e39403aeaa7729030beaf394,0.0
56886024757,424 OKLAHOMA AVENUE NE,WARD 7,38.895954,-76.971536,b924f323dd1dcb843d470e43383d0db7,0.0
58469746685,1031 MICHIGAN AVENUE NE,WARD 5,38.936178,-76.992138,caabb34b7b07686dd84e8f79320fa0e8,0.0
54010650697,1426 9TH STREET NW,WARD 2,38.909414,-77.024503,26a011133ca0da333a8bbdda24e8e293,9.340373838294003
55142786086,221 FLORIDA AVENUE NE,WARD 6,38.907491,-77.002031,d5d7c855aeaa420429658f311f3d349f,0.0
66219672134,1500 1ST STREET NW,WARD 5,38.909639,-77.012411,5033d7671b6a0173b73bbf3176a5dc80,0.0
68731106347,1606 EASTERN AVENUE NE,WARD 7,38.911459,-76.933118,83290e5ea547b9a69d81bc531ee80037,22.780497430630522
53614137680,2407 RHODE ISLAND AVENUE NE,WARD 5,38.931127,-76.971373,12124139fb7af9a04b45137cc4be352f,0.0
62355567757,401 NEW YORK AVENUE NW,WARD 2,38.905045,-77.016177,7e620166e9c84a7d1b94a3850241b407,0.0
65052422389,304 EASTERN AVENUE NE,WARD 7,38.892998,-76.909582,33df66a802baf590a8efa81a92b4fd69,0.0
54213479938,3340 NEW YORK AVENUE NE,WARD 5,38.91699,-76.959137,bfff093b92b88154875ee3faacb2dbee,0.0
55838237706,"CHAPPIE JAMES BOULEVARD SW
WASHINGTON,",WARD 8,38.830255,-77.016657,3e794b012026a53230af585ca3fa5dd7,0.0
60957282080,1000 KENILWORTH AVENUE NE,WARD 7,38.903795,-76.942521,dbb502567640eca18684e2f96bcd2be1,0.0
55679836101,1408 OKIE STREET NE,WARD 5,38.91477,-76.983892,f1fc18a84acd39099a7c43570244c280,0.0
57215446207,1700 D STREET SE,WARD 6,38.884276,-76.980766,244661b726a2e3b9a7972f7ffbddf15e,0.0
60377419676,1631 LYMAN PLACE NE,WARD 5,38.904819,-76.978989,29e8bf77f190d5c9c158af612289b0b6,23.19872039104153
55670356500,249 56TH PLACE NE,WARD 7,38.8927,-76.920376,f90faf102fd4a2895cc62b6f7d3f6bed,84.43658661421408
57753365639,11001/2 E STREET SE,WARD 6,38.882994,-76.991529,296dd32547acced6d25d443232c3f71e,0.0
58772851474,"14TH STREET NW
WASHINGTON,",WARD 2,38.900978,-77.031962,9c82b143451d141daf9c1946e579506e,0.0
63952716818,5100 KANSAS AVENUE NW,WARD 4,38.952294,-77.018708,ffabc6d063b484add5349d2fff1458fe,20.73381311587371
68334581923,632 SOUTH CAROLINA AVENUE SE,WARD 6,38.883956,-76.997382,8ea56dfbaf46268c49ccab899b186043,44.501357162371605
58284475333,2920 ALABAMA AVENUE SE,WARD 7,38.86091,-76.964792,8709d31ae2437092ed5802700b89a83b,0.0
62147505122,1801 MARTIN LUTHER KING JR AVENUE SE,WARD 8,38.868029,-76.988318,1ba873c7e669b6d86f7ddbc8d9fe418c,0.0
64378346182,2209 ALABAMA AVENUE SE,WARD 8,38.850845,-76.97347,3e5051c57aca488d1e68d01660dfa1f6,0.0
64977950039,3513 MINNESOTA AVENUE SE,WARD 7,38.885895,-76.955877,7aa6799f3118edaeadcd0a28ef246e42,0.0
64121782187,2148 QUEENS CHAPEL ROAD NE,WARD 5,38.919888,-76.973161,2198ced7833c3445a3fbaa626e853454,0.0
65040302431,600 6TH PLACE SW,WARD 6,38.882159,-77.020751,0c891b691261a137af2e6c54cfabd0e5,0.0
56093813681,3690 YUMA STREET NW,WARD 3,38.946279,-77.071905,b7c02ce52202116816bf1454f7201c4c,38.19091273285733
56040984949,"18TH STREET NW
WASHINGTON,",WARD 2,38.907172,-77.041687,23dc3b30d968779984fa11434bbd0557,0.0
60361020002,5557 SOUTH DAKOTA AVENUE NE,WARD 4,38.956603,-77.00198,77ea8ee705a6d6f9f6f4323629791dba,0.0
59749604700,115 NEW YORK AVENUE NW,WARD 5,38.906037,-77.01283,a983f5ba76add3006170be9542df52b4,0.0
59046272234,2119 BLADENSBURG ROAD NE,WARD 5,38.919708,-76.970517,075d775cc8a9f4a0640e9fb528b03257,0.0
67857209828,901 15TH STREET NW,WARD 2,38.901331,-77.033117,90dd85f57a902179ad4c2f066b190b19,0.0
65608410433,422 P STREET NW,WARD 2,38.909429,-77.018414,0540a8b3ec3239d20098db47b76270da,1.3371415385194438
60193215309,11001/2 E STREET SE,WARD 6,38.882994,-76.991529,296dd32547acced6d25d443232c3f71e,0.0
54149250941,73 HAWAII AVENUE NE,WARD 5,38.945235,-77.006607,9afefd98cfc092c5c73ed115a14034af,15.916734955661859
67702209929,706 RIDGE ROAD SE,WARD 7,38.878991,-76.9442,32be985ee78710e49e12c632bc27e595,17.448790418265368
54320072311,3458 PENNSYLVANIA AVENUE SE,WARD 7,38.866688,-76.953132,b093162af48c2d5d273483d83229c058,0.0
54851160851,900 23RD STREET NW,WARD 2,38.901509,-77.051067,9f15e4e599203c456ddee5d91dc5c9b9,0.0
63461543797,"NEW YORK AVENUE NE & FLORIDA AVENUE NE
WASHINGTON,",WARD 5,38.908897,-77.004593,f58d995ee2327b19c0ff94910468b1cd,0.0
59755342020,4401 GRANT STREET NE,WARD 7,38.898194,-76.93919,4fa4b7eeaa79351577f71a29ca666dd5,0.0
69214845539,"PENNSYLVANIA AVENUE NW
WASHINGTON,",WARD 2,38.89375,-77.023493,5c715297f98fe77df73fde8ed1dfc505,0.0
57998268172,5321 E STREET SE,WARD 7,38.881075,-76.92594,d4972a28e3a2822e2aa2ea7315b099a2,0.0
63294222215,903 NORTH CAROLINA AVENUE SE,WARD 6,38.888169,-76.99376,6b1c30fff16d2db312a8e3cb7db7c221,2.0015086804427984
59405172444,"CONSTITUTION AVENUE NW
WASHINGTON,",WARD 2,38.892076,-77.019529,c5ddaf5c3a28fac36924d8f1405032c2,0.0
68200257133,2433 IRVING STREET SE,WARD 8,38.852781,-76.970671,dc3e3dd470e83e52c3895643c0347838,2.3860453977203635
66046576412,1206 EUCLID STREET NW,WARD 1,38.923349,-77.028374,e6b0dd6ea205faab661ffb86ccec8b4a,5.450018314743711
63685836227,1502 MISSISSIPPI AVENUE SE,WARD 8,38.841823,-76.982711,d66516b80180f232004a02baea520476,0.0
62072595816,12 LOGAN CIRCLE NW,WARD 2,38.910443,-77.030325,521925b27af2cddbac80bc51c51d6f6e,56.770793111978804
56452366817,300 NEW YORK AVENUE NE,WARD 5,38.909118,-77.003955,f58d995ee2327b19c0ff94910468b1cd,0.0
53846752143,1221 24TH STREET NW,WARD 2,38.90652,-77.050761,95d526c8439b92ea058d23cc43e7b68f,0.0
66678224440,"1ST STREET NW & FLORIDA AVENUE NW
WASHINGTON,",WARD 5,38.912117,-77.012157,4eac6116567377179ff307382e19a3fe,0.0
69479609707,4010 GEORGIA AVENUE NW,WARD 4,38.940257,-77.025097,efd685362331e5babe54256f3e8597a4,0.6727520544816844
59378739033,4908 EAST CAPITOL STREET NE,WARD 7,38.889994,-76.932006,18ed738654aac2e46a140b124fdfe2b3,0.0
62986254361,3701 MILITARY ROAD NW,WARD 3,38.961287,-77.070979,5eacf93a5aa4027c266b2cb70d760fde,10.706252285475445
63963192078,1719 KENYON STREET NW,WARD 1,38.92969,-77.040005,95738ae8b9461c77a7cd824e4478b6e1,53.801596210650054
61370465436,2400 18TH STREET NW,WARD 1,38.920818,-77.042097,8589dee2df91721d487a86fc1f9d84cb,0.0
62870260106,2216 18TH STREET NW,WARD 1,38.9192,-77.041866,53ec3b4b49cafb17f36497828349a4df,23.27711931942151
54045523274,3701 16TH STREET NW,WARD 4,38.937427,-77.036101,974d2181beffde507faf26dd554fd715,0.0
58432979748,4000 CHESAPEAKE STREET NW,WARD 3,38.950727,-77.079063,534db8ae45ee9fb9602584f041070b29,0.0
57912910887,2955 FORT BAKER DRIVE SE,WARD 7,38.862555,-76.96604,98346a97b3a1e5e84a8837a986d9cc6a,116.88484342895661
61001806866,1210 WYLIE STREET NE,WARD 6,38.900761,-76.989662,97314b18db32c2bb636cc6d8e8a8b928,12.461149782750166
56491694583,5059 SARGENT ROAD NE,WARD 5,38.952411,-76.989106,5321b013865e7e51eb42e7b359293448,0.0
70269652563,600 INDEPENDENCE AVENUE SW,WARD 2,38.887567,-77.020889,b9a0b55e01d123d61e8d7b4f21589341,0.0
60872491184,2300 H STREET NW,WARD 2,38.899346,-77.050132,ed55ef09722541f993164ffdd5672738,0.0
69172265652,1925 BLADENSBURG ROAD NE,WARD 5,38.917174,-76.972584,06e2fc6c9cfe39f40ef42c606ea170df,0.0
55996950358,4700 MARTIN LUTHER KING JR AVENUE SW,WARD 8,38.820417,-77.010709,45b836c666000113ea7f552810454d33,0.0
60284999646,3150 PENNSYLVANIA AVENUE SE,WARD 7,38.869717,-76.961428,7b482950dbce0f4bbeadb90a688f2f02,0.0
64697257721,715 KENNEDY STREET NW,WARD 4,38.956559,-77.022816,4101fd5c22d49943ae82c89f5ae3152f,3.336968266041379
63468193310,1337 FLORIDA AVENUE NW,WARD 1,38.920291,-77.030784,872a7a70204b9dc55227e7f6ac426abd,40.48624486970784
54070438565,1700 ALABAMA AVENUE SE,WARD 8,38.847139,-76.98039,7b9b6129091917f1959c1d610cfbb024,0.0
56076987681,3350 BENNING ROAD NE,WARD 7,38.896638,-76.958308,3a840e22d4966abbf2a85f46704fdab7,0.0
57944675914,1 MISSOURI AVENUE NW,WARD 4,38.9549,-77.009439,eb49ef9ee3b0a9b0ed1419a62b7e028a,0.0
58507360356,1736 RHODE ISLAND AVENUE NE,WARD 5,38.927831,-76.979728,e1e2a9d8902d17cecdd3a22000df51fc,0.0
59984160567,2505 QUEENS CHAPEL ROAD NE,WARD 5,38.922641,-76.97485,bff976f2bdabd2850c1c115663fc3f85,45.54478844797459
53752227929,3233 PENNSYLVANIA AVENUE SE,WARD 7,38.868311,-76.958716,22a9ee1fd1c042283aaa38c8dc0f1505,0.0
59234887664,803 FLORIDA AVENUE NW,WARD 1,38.916958,-77.022946,1cca1fa4dbe75d26afef2bdc0437b2ca,0.33358477983802537
57807894348,"BLADENSBURG ROAD NE
WASHINGTON,",WARD 5,38.90014,-76.983483,04eab17816b0ebe7fe88f4688908ed7c,0.0
63699775087,2400 MARTIN LUTHER KING JR AVENUE SE,WARD 8,38.862681,-76.992401,f76abb8f5d8d190d809828fe2f20f914,0.0
54656201706,1631 14TH STREET NW,WARD 2,38.912387,-77.031952,977e2ff0363caf483470e893a1424438,0.0
68276232999,1200 BLADENSBURG ROAD NE,WARD 5,38.905446,-76.980185,99d3eb60e28f3db6c1f363a95bc394a9,0.0
54165081640,4600 NANNIE HELEN BURROUGHS AVENUE NE,WARD 7,38.899426,-76.936161,c49bc0b4c97d7183c6c27fb125315609,0.0
63107016265,3901 GEORGIA AVENUE NW,WARD 4,38.938689,-77.024463,feac1217b06fa51dc7c8fa838512fd2c,0.0
60098891708,6701 16TH STREET NW,WARD 4,38.970723,-77.035992,f061065204b707a0ac1252f1f75aaeb1,0.0
62655195928,801 RHODE ISLAND AVENUE NW,WARD 2,38.911845,-77.023286,847423703aa9e1c31913ceee0cf7aea8,0.0
63349214918,1233 BRENTWOOD ROAD NE,WARD 5,38.920751,-76.9896,1a1a59b6c2dd59dc529c74bdec70d024,0.0
64928426303,1101 FERN STREET NW,WARD 4,38.978356,-77.026595,b27c2995d10b9f7b6964c54ae42232fd,0.0
65217330415,1227 5TH STREET NW,WARD 2,38.906659,-77.018933,7e21f934e974a0a4a521a71348700019,82.98841069947652
63711329941,3224 18TH STREET NW,WARD 1,38.932365,-77.041523,c029497fc952a783601969d54213e88f,76.26998529493089
56616111599,1947 14TH STREET NW,WARD 1,38.916999,-77.031719,1c17f0b62ba1344e3cc10c41da9f6285,0.0
67891965700,801 17TH STREET NE,WARD 5,38.900548,-76.979002,d27d53bbdbbe5979192cd5867a413e38,0.0
55097373374,1105 O STREET SE,WARD 6,38.872637,-76.991017,5b97127c6aa9687c42fcfcf2d522ce9b,43.65794429646092
56406624758,5828 COLORADO AVENUE NW,WARD 4,38.961,-77.02908,9b29671978b7b92274c28ae97bd71b93,8.57347170555648
58614123248,41 GALVESTON STREET SW,WARD 8,38.82411,-77.0081,279f59f2d73d4fe01e0090cf11b71d68,59.10261298006403
58301783143,3115 GEORGIA AVENUE NW,WARD 1,38.929565,-77.022864,0c7345bf72b8825ca0badbd091d2e19f,0.0
64023174070,2720 MINNESOTA AVENUE SE,WARD 7,38.874907,-76.967845,b0300802607f70379541e381b4c1b79c,0.0
66840045931,2807 NORTH CAPITOL STREET NE,WARD 5,38.925457,-77.00848,1da9269c5b42a420e9f2d680f92247e2,10.453754887294485
59344976997,401 NEW YORK AVENUE NE,WARD 5,38.910732,-76.997817,af8af1c50ef2f0458559493f655a3187,0.0
67787206448,101 RHODE ISLAND AVENUE NW,WARD 5,38.915938,-77.012156,cef1b5531f24b0673dac9ba1bf9d9505,0.0
53915737579,"TENLEY CIRCLE NW
WASHINGTON,",WARD 3,38.946312,-77.078781,64574d26359f92081d737caeb20e4e7e,0.0
61926110671,2324 PENNSYLVANIA AVENUE SE,WARD 7,38.874098,-76.971229,b251534b7b174c00827f4f5e88524152,0.0
67766614390,1100 13TH STREET NW,WARD 2,38.904346,-77.030259,c126181ad33af92f80b2943c568b69a2,0.0
67805446174,3304 R STREET NW,WARD 2,38.91372,-77.066939,1d27f9301fc4152ba90a14bfd4b11dfd,0.0
60782691853,2550 M STREET NW,WARD 2,38.905257,-77.054209,30ea1085414817fed25b519dabebfaff,0.0
54099507239,1475 MASSACHUSETTS AVENUE NW,WARD 2,38.906439,-77.033661,d82a34f30acf61590376a249f8d30a8b,0.0
67843957724,3038 STANTON ROAD SE,WARD 8,38.853614,-76.983112,a5c0bf205c22fb999c8dfa52a3b7ff36,0.0
56008996867,639 FLORIDA AVENUE NW,WARD 1,38.916153,-77.021075,aabeb93ccd6048840433937debba3918,0.0
62350315416,1299 1ST STREET SE,WARD 6,38.875045,-77.006339,ea8592cb169c02cc3de39cfc24d8d92e,0.0
63472564870,2305 PENNSYLVANIA AVENUE SE,WARD 8,38.87399,-76.973406,bab0627e3974628730209d498841088e,0.0
56604925373,649 NEW YORK AVENUE NW,WARD 2,38.903391,-77.021431,93667065a3b82c1c7e707b22ceb44bc7,0.0
66470680005,1014 3RD STREET SE,WARD 6,38.877977,-77.002043,8e76c6c2be3f01b1b9a4e363e555a010,23.350934595027685
59396393003,1704 COLUMBIA ROAD NW,WARD 1,38.924693,-77.039589,2f11fdab9535064ee576b01428c4c753,0.0
64852553528,3319 NEWARK STREET NW,WARD 3,38.934649,-77.066095,0268b9d448787da2deea79bf1e5a2667,0.0
57956084736,"LAMONT STREET NW
WASHINGTON,",WARD 1,38.930467,-77.036863,e0195b330f310fcdff97754a90a4b4aa,0.0
55623514770,4 RIDGE ROAD SE,WARD 7,38.889207,-76.952526,6b144e00d5213dd28cd34a296cc52b6a,12.171481080083074
67945420049,3328 6TH STREET SE,WARD 8,38.840588,-76.997857,2e745fa60a7dd0e8d95aa902bb11bd92,133.54948955308998
68636838269,4294 SOUTHERN AVENUE SE,WARD 7,38.869791,-76.939001,048193b133cbce6fa555e96e66d6c0bf,0.0
54599766435,"GEORGIA AVENUE NW
WASHINGTON,",WARD 4,38.936922,-77.024391,7ef29e9c2fb92a905f314f5ef8724e7e,0.11119492779154694
54639521865,3043 BLADENSBURG ROAD NE,WARD 5,38.930055,-76.957968,e3f8d23a42205436d03f52fb201d7b4c,0.0
54183821746,4651 HILLSIDE ROAD SE,WARD 7,38.876246,-76.931238,58c15b788d8ed57cf1552ab07d6eda2c,0.0
54345365975,5724 SOUTHERN AVENUE SE,WARD 7,38.886436,-76.917633,9cc9f87d3e6a658fa208a1f6cb3ecaab,0.0
68745190541,5051/2 14TH STREET NE,WARD 6,38.89645,-76.985509,70d5d5af9fe74461b636f6fbe5a4a845,21.207214227754278
64521845467,1309 5TH STREET NE,WARD 5,38.908842,-76.997942,e09e1607a150f0a4ec395eb592fe354c,0.0
59388146029,501 PEABODY STREET NW,WARD 4,38.962876,-77.020137,e06b8608d1a4faf2ded61853e41c3775,64.7154398646841
54345374206,5330 COLORADO AVENUE NW,WARD 4,38.955348,-77.035276,eeefa7e3d682b5bb92e6d2dcc769cdf4,0.0
67299695473,520 E STREET NE,WARD 6,38.896379,-76.998444,59c263a3be5a516a775554a7a552cf0a,0.11119492708422385
68552849647,2435 15TH PLACE SE,WARD 8,38.853775,-76.982812,f50cda3b9ffb172a667c20b7b0839de1,0.0
63955297191,4224 13TH PLACE NE,WARD 5,38.941608,-76.987629,e59a6f5499f9bfc6f8e2af23019a74f8,42.716282915358725
56276347999,1649 GOOD HOPE ROAD SE,WARD 8,38.865967,-76.980683,2e70c53dda74c87dc5b3639f6b45c519,25.464790399016657
54640568052,1700 GALEN STREET SE,WARD 8,38.862413,-76.981162,a0172b62cedfae29a9880a26db3953e5,44.55603524307356
60983052043,500 H STREET NE,WARD 6,38.900395,-76.999507,ce636c01dcf627645d9469a6216a1cb1,0.0
65740138430,420 H STREET NE,WARD 6,38.900392,-76.999507,ce636c01dcf627645d9469a6216a1cb1,0.0
67439976348,2907 NORTH CAPITOL STREET NE,WARD 5,38.926155,-77.008481,ad9fe99047ed2f7d8674d48c5866b586,5.449238065199586
54990230892,4900 KANSAS AVENUE NW,WARD 4,38.950097,-77.020338,d117fd9b820437990c5b077bc085930d,0.0
61879669528,"NEBRASKA AVENUE NW
WASHINGTON,",WARD 3,38.937917,-77.085899,269e703d094d5fcc478473e630650b8b,0.0
56839029403,1000 U STREET NW,WARD 1,38.916707,-77.026491,f3292e567c431abdcaf382ec5bfe480b,0.0
64327910368,13 R STREET NW,WARD 5,38.912599,-77.009647,4925dee2c9dfeacae1ba95f0ae30f5bc,21.11120533169563
70351970003,"MINNESOTA AVENUE SE
WASHINGTON,",WARD 7,38.873966,-76.970587,4234ddb3e507fb399093e4fb52725769,0.0
65230329243,6402 GEORGIA AVENUE NW,WARD 4,38.967674,-77.027463,07497bb7298b21eddb9d8717649d2e8f,0.0
68454390492,531 8TH STREET SE,WARD 6,38.881829,-76.995578,b2e293040e4f3853799e58a0c0f53311,14.900120169870856
63500265577,2220 NORTH CAPITOL STREET NW,WARD 5,38.919881,-77.009346,d3b7afedf3a1737a77f325ff83edd0a0,78.84522450479415
57468006388,1402 G STREET NW,WARD 2,38.898317,-77.032277,73cc48060de19dced90b9b1055863420,0.0
54677644627,901 16TH STREET NW,WARD 2,38.901345,-77.036089,dd84fa6298afcc3e8d4d542260fb87a7,0.0
62515651407,5317 E STREET SE,WARD 7,38.881143,-76.925367,d4972a28e3a2822e2aa2ea7315b099a2,26.429141147034777
53789335441,3010 MOUNT PLEASANT STREET NW,WARD 1,38.927362,-77.036803,5438dd56eb6be6ba1f3e6639a6483629,0.0
57565387850,1761 TRENTON PLACE SE,WARD 8,38.844492,-76.978927,c160a7dc910e3439e91de33a84baa378,30.33124258642172
53942320663,2913 KNOX PLACE SE,WARD 8,38.854846,-76.97027,5dd519efd1d99e0cdbf44f2be849d099,18.020825583895103
66896231733,"38.911869, -77.038484",WARD 2,38.911869,-77.038484,f21fca162a0d430dae76dfb0aa017ce3,21.630841456393885
69912886767,1950 GOOD HOPE ROAD SE,WARD 7,38.864955,-76.976485,6f135716ab7c616ff2766741e518b1b8,0.08657938216734999
56058279611,"K STREET NW
WASHINGTON,",WARD 2,38.901923,-77.031954,9c82b143451d141daf9c1946e579506e,0.0
68533947628,1 MISSOURI AVENUE NW,WARD 4,38.9549,-77.009439,eb49ef9ee3b0a9b0ed1419a62b7e028a,0.0
66874951685,1348 FLORIDA AVENUE NW,WARD 1,38.920012,-77.031403,872a7a70204b9dc55227e7f6ac426abd,3.2258131572045965
65228191112,2012 OTIS STREET NE,WARD 5,38.935083,-76.975103,40dfdf535e89c4f80ff8367939546857,44.991231902473174
61990342056,2901 NASH PLACE SE,WARD 7,38.875825,-76.968371,76932af702446eaa1e137e56a4e561db,0.0
68009185482,4407 EDSON PLACE NE,WARD 7,38.896413,-76.938813,1b5e8b01e808a4c0d484fca7998e0502,13.67393987237923
57273451184,1127 7TH STREET NW,WARD 2,38.905477,-77.021915,f0b7b0d37a63465dc70c321ea5fd5a2b,0.0
64763336556,1100 NORTH CAPITOL STREET NW,WARD 6,38.903733,-77.009575,c8766e0d8deca92d6c36937535d8a686,0.0
68779923086,3 KNOT COURT SW,WARD 8,38.824737,-77.018318,1d15abb33168ed5ff26d39b621fcfa42,37.213207344459704
60961379052,1299 PENNSYLVANIA AVENUE NW,WARD 2,38.896129,-77.029315,830cc401d1585e7f4263de81acbec325,0.0
69785017327,300 I STREET SW,WARD 6,38.879283,-77.015763,2c59c3a981b3989df2e69777fd232013,0.0
54508955299,2100 WEST VIRGINIA AVENUE NE,WARD 5,38.915782,-76.979779,1b0667e9297f0770a8d689468563a3ed,0.0
54158967586,4836 EASTERN AVENUE NE,WARD 5,38.949172,-76.981883,f362e17af2125486d091e8191d43824e,37.07857070434929
69332046372,3112 16TH STREET NW,WARD 1,38.929061,-77.036474,3c834434edfe7cef5ebfea6daf7ab538,0.0
62428914228,442 3RD STREET NW,WARD 6,38.895146,-77.015173,06b4e95451692d1181bb564257ee9655,0.0
55415875854,650 MASSACHUSETTS AVENUE NW,WARD 2,38.901938,-77.021269,ff9d7ae9f76593885fcb0612370c9385,0.0
65260016045,323 63RD STREET NE,WARD 7,38.893226,-76.910739,338d7a7e505913c741e1c2e5ac0e8869,0.0
64165235868,1801 NEW YORK AVENUE NE,WARD 5,38.916606,-76.977828,a15584364f45053813710fb4e2143158,0.0
68393640877,4225 CONNECTICUT AVENUE NW,WARD 3,38.944251,-77.06293,79bee7bbf3d7f75fd63c247457d09634,20.75615418998299
63216970485,1500 POTOMAC AVENUE SE,WARD 6,38.881502,-76.983352,f009b39390008079324f73597d559ecc,26.360041818860378
65216214133,2322 16TH STREET SE,WARD 8,38.861279,-76.982814,437b27fd220ca3568f0209ee9dc63a0e,41.4814912275693
64546408030,1101 14TH STREET NW,WARD 2,38.904036,-77.031949,f63110cea700e723ffd3d38eb1b4814c,0.0
67632024298,11001/2 E STREET SE,WARD 6,38.882994,-76.991529,296dd32547acced6d25d443232c3f71e,0.0
67350993917,2200 FAIRLAWN AVENUE SE,WARD 8,38.874467,-76.973704,bab0627e3974628730209d498841088e,0.0
67889147161,80 NEW YORK AVENUE NW,WARD 6,38.905963,-77.011839,463efc5e5b0229dac099c6333e8a48fd,0.0
57003275661,3309 SOUTH DAKOTA AVENUE NE,WARD 5,38.931703,-76.971687,122e29906629393420f2aa3897adb80b,0.0
68226946871,"INTERSTATE 395 INTERSTATE BN
WASHINGTON,",WARD 2,38.882536,-77.017728,0ee1dabfe1a682cccb52f7a2d46ee327,0.0
53654909830,2900 M PLACE SE,WARD 7,38.878119,-76.966224,b1988545bc43202111e4eacf14fa7029,0.0
58414391922,"16TH STREET NW
WASHINGTON,",WARD 2,38.907238,-77.03653,8f699fa5a443b797d6c09f2d8700c1b8,0.0
69829114042,2309 PENNSYLVANIA AVENUE SE,WARD 8,38.874166,-76.972906,b4169b8ccedffefa3b35db7776baa336,0.0
68669462203,4100 14TH STREET NW,WARD 4,38.940962,-77.033245,73435d5fb8f812ed226b15ebaa9a88f0,0.0
64294886974,1205 ALABAMA AVENUE SE,WARD 8,38.843981,-76.990257,73de6d2e81aa06c1085daf6d4d08c8d1,0.0
59702163729,1409 MANCHESTER LANE NW,WARD 4,38.959829,-77.033885,d8903097bb6790a2b2452099c30a8e38,46.132902491384044
55168882524,87 WESTOVER AVENUE SW,WARD 8,38.831024,-77.016867,7a9ff264014c593a07e8fe51b3bd4dcb,0.0
61429217655,1424 VAN BUREN STREET NW,WARD 4,38.969926,-77.034749,82cfa33cf8ad6f37947a808b9cd61e9c,79.81392671342223
69645753297,6216 NEW HAMPSHIRE AVENUE NE,WARD 4,38.965873,-77.002681,30135a4fd0a88b3ad5ff5f2117496787,0.0
68429764210,"E STREET NW
WASHINGTON,",WARD 2,38.895398,-77.039761,0ae44b8e7a452ae371d3bf1df6bf9c3c,0.0
55714621293,1352 KENYON STREET NW,WARD 1,38.929153,-77.031197,753788b3247a705c07f28aa22372fbab,5.276570142709383
63877219036,1005 1ST STREET NE,WARD 6,38.90331,-77.005319,f0f2a1994c7826350de6f01231810b6f,0.0
58571332136,1525 MONTANA AVENUE NE,WARD 5,38.922177,-76.982314,657067e0463f475b1a5ac7c98f03e989,8.072085258759238
54527314520,119 NEW YORK AVENUE NW,WARD 5,38.905986,-77.012975,a983f5ba76add3006170be9542df52b4,0.0
64954085500,2605 SHERMAN AVENUE NW,WARD 1,38.924142,-77.025154,dd0f59a35b628a450607113aa66d0fcb,6.496130317106663
55850288090,1001 4TH STREET NW,WARD 6,38.902879,-77.016175,79c02c135ce0e61ada6d940e8e1d4d65,0.0
67756603200,2501 MARTIN LUTHER KING JR AVENUE SE,WARD 8,38.859538,-76.99558,bdf1e49a201b53f149c03b5d2a5990db,0.0
58569477856,1401 44TH STREET NW,WARD 3,38.90701,-77.080803,570a9184004741b855422cb98938250a,0.0
65504291688,1925 BLADENSBURG ROAD NE,WARD 5,38.917174,-76.972584,06e2fc6c9cfe39f40ef42c606ea170df,0.0
64789808346,2228 MARTIN LUTHER KING JR AVENUE SE,WARD 8,38.863557,-76.990779,3ab0e1e02855fb561b1f38c0e811c3f7,0.0
54973126947,602 GALLATIN STREET NW,WARD 4,38.951887,-77.020171,94db197fc4ddd7b46f83ea19d42dbefe,42.71410182637303
69306407491,43711/2 BENNING ROAD NE,WARD 7,38.891753,-76.939695,5f26d11e4f0d3cf6806caac9bfb87917,0.0
53772375177,828 TAYLOR STREET NE,WARD 5,38.940723,-76.993534,1f4b17eff1b37c4317c40c93afe8fbdd,59.244038200966045
61877009776,4400 BLAINE STREET NE,WARD 7,38.891893,-76.93898,2f6945429a7423bb5c238ca95e73c673,0.0
53689345022,70 I STREET SE,WARD 6,38.879285,-77.007029,646a8841fe9b403495ede41dd0987c4f,0.0
61996131675,5127 NORTH CAPITOL STREET NE,WARD 5,38.953461,-77.008758,42329ad0f8a4ece3188fc671cdda5cbd,0.0
68726537612,200 F STREET NW,WARD 6,38.897009,-77.014073,50ec83396a03bf9577d8993b42627275,0.0
65003805056,5401 44TH STREET NW,WARD 3,38.959952,-77.0863,b5f1e66399394d868f9da652a712a69d,0.0
68560343233,1840 6TH STREET NW,WARD 2,38.915487,-77.020059,9a1b196779446d678e2d740ce1a79c84,0.0
55537478076,"WARD CIRCLE NW
WASHINGTON,",WARD 3,38.937936,-77.085883,d4bfdaed6bf7439ac1dfba88b22ca252,0.0
61985170196,1360 D STREET SE,WARD 6,38.884302,-76.986298,5f6face2ef4c5771cb77a1576e9fb0d0,36.33868834111271
58134806841,2501 Q STREET NW,WARD 2,38.911015,-77.052699,b5f4410b0a12de02003bf55f9b27dba0,64.87682239093948
65533391695,2033 BENNING ROAD NE,WARD 7,38.898301,-76.974171,6502678282234f56dc28ce8c7c348b84,0.0
66883998610,2119 M STREET NW,WARD 2,38.905266,-77.048527,291db0527cb0f0fe7607553a3b597800,0.0
59161082396,1420 18TH STREET SE,WARD 8,38.872988,-76.978894,20fb87d552cde5d34343bca85f9e977f,0.0
68606733635,150 M STREET NE,WARD 6,38.905644,-77.00416,934f18353cdd428b4093a3cdae5f33cb,0.0
69530597034,5101 GEORGIA AVENUE NW,WARD 4,38.952083,-77.027459,28445ab8bc84aaa790b3d701b9a4b288,0.0
58623696624,1438 ALABAMA AVENUE SE,WARD 8,38.846291,-76.983912,ab1db595ee0941edbaec39cd04cbd746,1.9434637838659943
53905131050,1441 K STREET NW,WARD 2,38.902636,-77.034059,e99d5a01581b966bcc14f66029621252,10.297483790349519
63231405179,2481 ALABAMA AVENUE SE,WARD 8,38.855701,-76.969974,58ff21b4943656c5ae4ff6daeb579b48,0.0
60952480755,1464 SPRING ROAD NW,WARD 1,38.937241,-77.035783,974d2181beffde507faf26dd554fd715,0.0
62429237780,25 PEABODY STREET NW,WARD 4,38.962698,-77.010696,e31bb5b3aa23ca37aa8d777c29de2f93,0.0
66765412003,1999 K STREET NW,WARD 2,38.902649,-77.044606,1b5c28b574d29166f36007506a2ca55d,0.0
54360885728,1064 WISCONSIN AVENUE NW,WARD 2,38.904514,-77.062792,92a13654b5a5c0df25f920152c4a1216,0.0
59941761688,1300 NORTH CAPITOL STREET NW,WARD 5,38.907482,-77.009187,55f8763586b916dc226a8f7792aee3cb,0.0
57023911738,1400 EAST CAPITOL STREET NE,WARD 6,38.890041,-76.985498,79b89464c06c01b858ac6df9cd397d35,7.340906251594741
55624030569,1221 DIVISION AVENUE NE,WARD 7,38.903279,-76.923889,1883af71fa5e3f57d76fe6eb4c8f1356,6.011342219894589
57998465207,1443 P STREET NW,WARD 2,38.909652,-77.033495,fe1e045ecad1e3a5d8497e2ae15151ca,6.056744797764139
