NEARESTINTKEY,crash_count,total_severity,total_fatalities,total_major_injuries,total_minor_injuries,total_injuries,ped_crashes,bike_crashes,speeding_crashes,median_lat,median_lon,primary_cross_street,representative_address,rank
Route not found,3499,6724.0,5.0,50.0,1032.0,1082.0,167,75,112,38.902312,-77.006176,ROUTE NOT FOUND,500 INDIANA AVENUE NW,1
0,2492,6201.0,13.0,48.0,868.0,916.0,55,38,120,38.883839,-77.00501,,"INTERSTATE 395 INTERSTATE BN
WASHINGTON,",2
33df66a802baf590a8efa81a92b4fd69,381,532.0,0.0,0.0,71.0,71.0,8,8,7,38.892998,-76.909582,SOUTHERN AVE NE,304 EASTERN AVENUE NE,3
d8ea864b08821604977078ff7b4e1d1f,129,418.0,1.0,2.0,72.0,74.0,0,0,6,38.900133,-76.946866,HAYES ST NE,730 KENILWORTH AVENUE NE,4
f58d995ee2327b19c0ff94910468b1cd,234,389.0,0.0,3.0,58.0,61.0,4,6,0,38.909024,-77.005281,FLORIDA AVE NE,100 NEW YORK AVENUE NE,5
06e2fc6c9cfe39f40ef42c606ea170df,146,315.0,0.0,7.0,46.0,53.0,2,1,4,38.917174,-76.972584,BLADENSBURG RD NE,1925 BLADENSBURG ROAD NE,6
55f8763586b916dc226a8f7792aee3cb,181,311.0,0.0,2.0,51.0,53.0,8,5,2,38.907482,-77.009187,NEW YORK AVE NW,1300 NORTH CAPITOL STREET NW,7
a5c0bf205c22fb999c8dfa52a3b7ff36,107,277.0,1.0,2.0,23.0,25.0,1,0,7,38.853568,-76.983215,SHERIDAN RD SE,2339 SHERIDAN ROAD SE,8
bab0627e3974628730209d498841088e,142,258.0,0.0,2.0,42.0,44.0,2,1,5,38.874467,-76.973704,PENNSYLVANIA AVE SE,2200 FAIRLAWN AVENUE SE,9
11e3c08ea9f1b913b27fbd47f9b9d2d6,16,249.0,2.0,2.0,6.0,8.0,2,0,0,38.866223,-76.943763,SOUTHERN AVE SE,1575 41ST STREET SE,10
7d0b553ad2c24054d8820f87b16c4551,68,244.0,1.0,2.0,25.0,27.0,0,1,3,38.835474,-77.007481,HALLEY PL SE,3790 MARTIN LUTHER KING JR AVENUE SE,11
2a8cb69759af6b41935564a72d0b25fb,56,235.0,1.0,1.0,30.0,31.0,3,9,4,38.902516500000004,-77.008702,K ST NW,1001 NORTH CAPITOL STREET NE,12
d7a7469c77c590f694b4ddea9ce15da2,64,226.0,1.0,0.0,27.0,27.0,2,1,1,38.903764,-77.019903,NEW YORK AVE NW,1024 6TH STREET NW,13
be28cd7533a0503bf283c1926dcda44f,75,217.0,1.0,0.0,18.0,18.0,3,0,2,38.917402,-76.97861,MONTANA AVE NE,1720 NEW YORK AVENUE NE,14
0c7345bf72b8825ca0badbd091d2e19f,53,214.0,1.0,2.0,20.0,22.0,8,1,1,38.929065,-77.022807,IRVING ST NW,3021 GEORGIA AVENUE NW,15
30c42884acfe1183be08659c15267558,67,200.0,1.0,0.0,16.0,16.0,0,1,3,38.865143,-77.002561,SUITLAND PKWY SE,2200 SOUTH CAPITOL STREET SE,16
e822a06e965889ae8b84982952ca95ed,75,199.0,0.0,7.0,26.0,33.0,7,1,3,38.861921,-76.994054,MARTIN LUTHER KING JR AVE SE,1101 HOWARD ROAD SE,17
1cca1fa4dbe75d26afef2bdc0437b2ca,57,196.0,1.0,1.0,15.0,16.0,4,4,3,38.916765,-77.022943,8TH ST NW,1920 8TH STREET NW,18
4408d7b3e15a2b8c4779622f65926d85,41,194.0,1.0,1.0,20.0,21.0,2,1,0,38.873722,-76.970129,MINNESOTA AVE SE,2500 PENNSYLVANIA AVENUE SE,19
f922e2bdc11c55485a49ce222dce4f2d,30,189.0,1.0,3.0,12.0,15.0,1,1,4,38.927648,-77.029708,COLUMBIA RD NW,3029 13TH STREET NW,20
0ee1dabfe1a682cccb52f7a2d46ee327,106,188.0,0.0,0.0,36.0,36.0,0,0,2,38.882536,-77.017728,INTERSTATE 695 I BN,"INTERSTATE 395 INTERSTATE BN
WASHINGTON,",21
4cfdb7a8a37ca6fc8cbcd85ddda1366c,84,186.0,0.0,5.0,24.0,29.0,2,0,2,38.861811,-76.998219,,2580 FIRTH STERLING AVENUE SE,22
5e611998d1935f1ba9666c6ae6b52ee9,94,173.0,0.0,2.0,27.0,29.0,6,2,0,38.909639,-77.009309,P ST NW,1500 NORTH CAPITOL STREET NW,23
8c94bf81399564ad3037c147b0f688b4,86,170.0,0.0,1.0,33.0,34.0,2,0,2,38.902692,-76.943112,NANNIE HELEN BURROUGHS AVE NE,1013 KENILWORTH AVENUE NE,24
549ff741c2ebe62594967aa1b75d0552,53,170.0,0.0,4.0,32.0,36.0,4,0,2,38.831468,-77.007675,ATLANTIC ST SE,4009 SOUTH CAPITOL STREET SW,25
1c17f0b62ba1344e3cc10c41da9f6285,105,169.0,0.0,1.0,26.0,27.0,13,6,0,38.916999,-77.031719,U ST NW,1947 14TH STREET NW,26
759352dd6ee308a14f4368ad4bce80d9,45,167.0,1.0,0.0,11.0,11.0,5,5,1,38.899328,-76.979408,17TH ST NE,1703 BENNING ROAD NE,27
7130b7a3b07435f911c04e7285becf94,37,166.0,1.0,1.0,9.0,10.0,1,2,0,38.903734,-77.014303,L ST NW,1050 NEW JERSEY AVENUE NW,28
db93f73730b729ab4fe05701818d66c2,85,164.0,0.0,1.0,29.0,30.0,6,0,2,38.895228,-76.949299,BENNING RD NE,3943 MINNESOTA AVENUE NE,29
a61fbbe87065492828e2e7c69924cb96,29,162.0,1.0,0.0,14.0,14.0,1,2,1,38.902617,-77.021644,7TH ST NW,685 K STREET NW,30
a05a096abf78d68d77d83198b0d852f4,41,161.0,1.0,0.0,10.0,10.0,4,3,1,38.927544,-77.032729,COLUMBIA RD NW,3012 14TH STREET NW,31
8f7d38b87601413f9a755eb93d58dfe0,34,157.0,1.0,1.0,7.0,8.0,2,1,1,38.9323075,-77.03646,MONROE ST NW,3300 16TH STREET NW,32
b352d937149d40c720063e6eaa67e792,82,157.0,0.0,1.0,29.0,30.0,0,0,3,38.892054,-77.008611,DELAWARE AVE NE,"CONSTITUTION AVENUE NE
WASHINGTON,",33
9159f2214e08ba8ccfa7f97d6b383798,27,156.0,1.0,0.0,13.0,13.0,1,1,3,38.873746,-76.934254,46TH ST SE,4506 BOWEN ROAD SE,34
9b53b42d23c238180d1cb70db3d0d0da,16,156.0,1.0,2.0,8.0,10.0,1,0,3,38.889778500000006,-76.925907,DIVISION AVE NE,2 DIVISION AVENUE NE,35
e99d5a01581b966bcc14f66029621252,34,156.0,1.0,1.0,7.0,8.0,1,2,0,38.9031875,-77.034309,K ST NW,1034 15TH STREET NW,36
5b5ace5bb823f2df5777a1ec26d22504,26,155.0,1.0,1.0,9.0,10.0,1,0,3,38.917,-77.027256,U ST NW,1100 U STREET NW,37
da7d1baecc52ae4e958760ff95fbdfcd,20,154.0,1.0,3.0,4.0,7.0,2,3,1,38.894956,-77.021914,D ST NW,400 7TH STREET NW,38
4996d9c807fb909ec515bfaf2295341c,26,154.0,1.0,1.0,8.0,9.0,4,0,1,38.903739,-77.036955,L ST NW,1026 16TH STREET NW,39
19e79ec7ea8098958d454e828e6bf4ae,68,152.0,0.0,2.0,28.0,30.0,2,2,0,38.900206,-77.013355,H ST NW,800 NEW JERSEY AVENUE NW,40
04eab17816b0ebe7fe88f4688908ed7c,82,152.0,0.0,2.0,25.0,27.0,9,8,0,38.90014,-76.983483,15TH ST NE,"BLADENSBURG ROAD NE
WASHINGTON,",41
00ef01473e663b6e0e28488bf3653acc,33,149.0,1.0,0.0,8.0,8.0,0,1,0,38.894089,-76.954489,KENILWORTH AVE NE,315 36TH STREET NE,42
a15584364f45053813710fb4e2143158,80,147.0,0.0,0.0,31.0,31.0,1,0,2,38.916606,-76.977828,MONTANA AVE NE,1801 NEW YORK AVENUE NE,43
d940911daa6eb315e026aeb88ebdb7e8,33,147.0,1.0,0.0,7.0,7.0,3,1,0,38.907235,-77.010345,N ST NW,35 NEW YORK AVENUE NW,44
548dbfd27df6b66d2c23465109576763,61,147.0,0.0,2.0,29.0,31.0,6,1,2,38.832198,-76.987213,SOUTHERN AVE SE,4314 WHEELER ROAD SE,45
c126181ad33af92f80b2943c568b69a2,66,145.0,0.0,2.0,25.0,27.0,3,2,2,38.904906,-77.029821,13TH ST NW,1300 MASSACHUSETTS AVENUE NW,46
9af96ef756d1e40f0b82a1cde7a01256,28,144.0,1.0,0.0,8.0,8.0,1,0,2,38.871363,-76.982133,16TH ST SE,1601 FAIRLAWN AVENUE SE,47
7e620166e9c84a7d1b94a3850241b407,81,142.0,0.0,1.0,23.0,24.0,2,0,1,38.904879,-77.016178,4TH ST NW,401 NEW YORK AVENUE NW,48
890a5844dca57698a2b29bb5e0cfc347,21,141.0,1.0,0.0,9.0,9.0,2,0,1,38.916997,-77.025117,VERMONT AVE NW,930 U STREET NW,49
b37744d58b49217b8d2bc9e2a534715b,13,141.0,1.0,1.0,8.0,9.0,1,1,1,38.83118,-76.989121,9TH ST SE,908 SOUTHERN AVENUE SE,50
